Organizational Index Grouping,CUI Category,Category Description,Key Words,other words,TSCA LIST
Critical Infrastructure,Ammonium Nitrate,"Related to registration information of those who own and operate ammonium nitrate facilities, purchasers of ammonium nitrate, and the regulation of sales and transfers of ammonium nitrate.","ammonium, nitrate",,
Critical Infrastructure,Chemical-terrorism Vulnerability Information,"In accordance with Section 550(c) of the Department of Homeland Security Appropriations Act of 2007, the following information, whether transmitted verbally, electronically, or in written form, shall constitute CVI, see (1) - (9).","chemical terrorism, vulnerability","Vulnerability assessment, site security plan",
Critical Infrastructure,Critical Energy Infrastructure Information,"Critical energy infrastructure information means specific engineering, vulnerability, or detailed design information about proposed or existing critical infrastructure that: (i) Relates details about the production, generation, transportation, transmission, or distribution of energy; (ii) Could be useful to a person in planning an attack on critical infrastructure;... and (iii) Does not simply give the general location of the critical infrastructure.",critical energy infrastructure,"engineering vulnerability, deign vulnerability, energy production, energy generation, energy transportation, energy distribution",
Critical Infrastructure,Emergency Management,Related to information concerning the continuity of executive branch operations during all-hazards emergencies or other situations that may disrupt normal operations.,continuity,"COOP, Continuity of Operations",
Critical Infrastructure,General Critical Infrastructure Information,"Systems and assets, whether physical or virtual, so vital that the incapacity or destruction of such may have a debilitating impact on the security, economy, public health or safety, environment, or any combination of these matters, across any Federal, State, regional, territorial, or local jurisdiction.","systems, assets",linkage,
Critical Infrastructure,Information Systems Vulnerability Information,"Related to information that if not protected, could result in adverse effects to information systems. Information system means a discrete set of information resources organized for the collection, processing, maintenance, use, sharing, dissemination, or disposition of information.",information systems,"Computational logic, Common Vulnerability Scoring System, CVSS, software vulnerability",
Critical Infrastructure,Physical Security,"Related to protection of federal buildings, grounds or property.",federal buildings,federally leased,
Critical Infrastructure,Protected Critical Infrastructure Information,"As defined by 6 USC 131-134, and 6 CFR 29, PCII relates to threats, vulnerabilities, or operational experience related to the national infrastructure. PCII offers protection to private sector infrastructure information voluntarily shared with government entities for purposes of homeland security.",critical infrastructure,,
Critical Infrastructure,SAFETY Act Information,"Defined as “SAFETY Act Confidential Information” in 6 CFR Part 25, the regulations implementing the Support Anti-terrorism by Fostering Effective Technologies Act of 2002, SAFETY Act Information includes any and all information and data voluntarily submitted to the Department of Homeland Security under this part (including Applications, Pre-Applications, other forms, supporting documents and other materials relating to any of the foregoing, and responses to requests for additional information), including, but not limited to, inventions, devices, Technology, know-how, designs, copyrighted information, trade secrets, confidential business information, analyses, test and evaluation results, manuals, videotapes, contracts, letters, facsimile transmissions, electronic mail and other correspondence, financial information and projections, actuarial calculations, liability estimates, insurance quotations, and business and marketing plans.",terrorism,"invention, device, Technology, know-how, designs, copyrighted information, trade secrets, confidential business information, analyses, test and evaluation, manual, videotape, contract, facsimile transmission, fax, electronic mail, financial projections, actuarial calculations, liability estimates, insurance quotations,  business plan, marketing plan",
Critical Infrastructure,Toxic Substances,"Health, safety, and exposure information related to chemical substances, chemical mixtures, and articles as defined under the Toxic Substances Control Act (TSCA).","chemical, toxic","TSCA, ","Alanine, Acetic acid, Acetonitrile, Acetyl, Acridine, Adenosine, Adenylate kinase, Agar, Agarose, Alanine, Aldehyde dehydrogenase, Alginic acid, Alkene, Aluminate , Aluminatesilicate, Aluminoxanes, Aluminum , Ambergris, Americium, Amides, Amidosulfenyl chloride , Amidosulfurous acid , Amines, Aminoacylase, Aminolignin, Ammonia, Ammonium, Amylase, Amylodextrin, Amylose, Anthra, Anthracene, Antimonate, Antimony, Arabinose, Arginase, Arginine, Argon, Arsenenic acid, Arsenenous Acid, Arsenic, Arsine, Arsinic acid , Arsonic acid , Arsonium, Arsonous, Arsorane  Arthrobacter  , Aryldialkylphosphatase, Arylesterase, Asafetida, Asbestos, Asparagine, Aspartic acid , Aspergillopepsin  , Aspergillus  , Aurate , Aureobasidium pullulans, Azacyclotridecan , Azetidine, Aziridine, Azulene, Bacitracin, Badiane, Barium, Beauveria , Bentonite, Benzaldehyde, Benzamide, Benzenamine , Benzenaminium , Benzene, Benzeneacetaldehyde, Benzeneacetamide, Benzeneacetic acid, Benzeneacetonitrile, Benzeneacetyl chloride, Benzenebutanenitrile, Benzenebutanol, Benzenecarbothioamide, Benzenecarbothioamide, Benzenecarbothioic acid , Benzenecarboximidamide , Benzenecarboximidic acid , Benzenecarboximidoyl chloride , Benzenedecanol , Benzenedecanol , enzenediamine , Benzenediamine , Benzenediazonium , Benzenediazonium , Benzenedimethanamine , Benzenedimethanamine , Benzenedimethanol , Benzenedimethanol , Benzenedisulfonic acid , Benzenedisulfonic acid , Benzenemethanamine, Benzenemethanamine, Benzenemethanaminium, Benzenemethanaminium, Benzenemethanesulfonamide ,Benzenemethanesulfonamide, Benzenemethanesulfonic acid, Benzenemethanesulfonic acid, Benzenemethanesulfonyl chloride, Benzenemethanesulfonyl chloride, Benzenemethanesulfonyl fluoride, Benzenemethanesulfonyl fluoride, Benzenemethanethiol, Benzenemethanethiol, Benzenemethanol, Benzenemethanol, Benzenepropanal , Benzenepropanal , Benzenepropanamide , Benzenepropanamide , Benzenepropanenitrile, Benzenepropanenitrile, Benzenepropanoic acid, Benzenepropanoic acid, Benzenepropanol ,Benzenepropanol  ,Benzenepropanoyl chloride, Benzenepropanoyl chloride, Benzeneselenol, Benzeneselenol,Benzenesulfenyl,  Benzenesulfenyl , Benzenesulfinic acid,Benzenesulfinic acid,Benzenesulfonamide,Benzenesulfonamide,Benzenesulfonothioic acid ,Benzenesulfonothioic acid ,Benzenesulfonyl , Benzenesulfonyl , Benzenethiol ,Benzenethiol ,Benzenetrimethanol, Benzenetrimethanol ,Benzeneundecanoic acid ,Benzeneundecanoic acid ,Benzimidazo ,Benzimidazo ,Benzofuran, Benzofuran,Benzoic acid, Benzoic acid,Benzonitrile, Benzonitrile , Benzoselenazole , Benzoselenazole , Benzoselenazolium , Benzoselenazolium , Benzoxazole , Benzoxazole , Benzoxazolesulfonic acid , Benzoxazolesulfonic acid , Benzoxazolium , Benzoxazolium , Benzoyl  , Benzoyl, Benzoyl bromide, Benzoyl chloride, Bianthracene, Bibenzo[b]thiophene, Bibenzobiophene,Bibenzothiazole, Bibenzothiophene, Bicyclohexyl, Biimidazole, Biimidazole, Binaphthalene, Biphenyl, Biquinoline, Bisbenzimidazo, Bisbenzimidazo, Bisbenzimidazobenzo, Bisbenzimidazobenzo , Bisbenzothiazolo, Bisbenzothiazolo , Bismuth , Bismuthine , Borane, Borate, Borax, Bordetella , bronchiseptica, Boric acid, Boron, Boroxin , Botrytis cinerea, Bradyrhizobium japonicum, Bromic acid, Bromine , Bromonium , Bromous acid,  Butanal, Butanamide, Butane , Butanedial, Butanediamide, Butanedinitrile, Butanedioic acid ,  Butanedioyl dichloride, Butanenitrile, Butaneperoxoic acid , Butanethioamide , Butanethioic acid , Butanoic acid , Butanol , Butanoyl,  Butene, Cadmium, Calcium, Canola oil, Carbamic,  Carbamimidic acid , Carbamimidothioic acid , Carbamothioic acid, Carbohydrase,Carbonazidic acid, Carbonic acid, Carbonic dichloride , Carbonic difluoride, Carbonic dihydrazide, Carbonimidic acid , Carbonimidic dichloride , Carbonimidic dihydrazide , Carbonimidodithioic acid , carbonized Wood, Carbonochloridic acid , Carbonochloridothioic acid , Carbonocyanidic acid,  Carbonodithioic acid, Carbonotrithioic acid, Carboxylesterase, Carboxylic acids, Carnauba wax, Carob gum, Carotene, Carrageenan, Caseins, Castor oil, Catalase, Cedrene, Cellulase, Cellulomonas, Cellulose, Ceresin, Cerium, Cesium, Chaetomium, Chiolite , Chitin, Chitinase,Chitosan,Chloramide,Chloric acid, Chlorine, Chlorosulfuric acid, Chlorous acid ,Cholestyramine , Cholinesterase, Chondroitin, Chromate,Chromic acid, Chromium , Chromocene, Chrysene, Chrysosporium,  Chymotrypsin,Cinchona, Cinnoline, Cinnolinium, Cladosporium, Clostridium, Cobalt, Cobaltate ,Cobaltocene,Cobaltocenium ,Cobinamide ,Coconut oil,Colistimethate sodium, Collagen, Collagenase, Conalbumin, Copals, Copper, Cordierite, Corynebacterium,Costene, Costene,Cottonseed oil, Coumarone-indene, Creatinase, Creatine kinase, Creatininase, Creosote, Cristobalite ,Cuprate, Cyanamide,C yanic acid ,Cyanide, Cyanogen  , Cyclobutane , Cyclobutanecarboxylic acid, Cyclobutaneethanol, Cyclobutanemethanol , Cyclobutanol, Cyclobutanone, Cyclobutenediylium , Cyclodecane, Cyclodecanol, Cyclodextrin, Cyclodextrin, Cyclodextrin, Cyclodextrin glucanotransferase, Cyclodisilazane , Cyclododecadien, Cyclododecanamine, Cyclododecane, Cyclododecaneethanol , Cyclododecanol, Cyclododecanone, Cyclododecapyrimidine , Cyclododecatriene, Cyclododecoxazole , Cycloheptanamine ,Cycloheptane , Cycloheptanone, Cycloheptatrienylium, Cyclohexadecanone, Cyclohexadiene, Cyclohexadienone, Cyclohexanamine, Cyclohexane , Cyclohexaneacetaldehyde,  Cyclohexaneacetic acid, Cyclohexaneacetonitrile, Cyclohexanebutanoic acid, Cyclohexanecarbonitrile, Cyclohexanecarbonyl, Cyclohexanecarboperoxoic acid,  Cyclohexanecarboxaldehyde ,Cyclohexanecarboxamide, Cyclohexanecarboxylic acid, Cyclohexaneethanethiol ,Cyclohexaneethanol, Cyclohexanemethanamine, Cyclohexanemethanol, Cyclohexaneoctanoic acid, Cyclohexanepentano , Cyclohexanepropanal, Cyclohexanepropanoic acid, Cyclohexanepropanol, Cyclohexanesulfenamide, Cyclohexanesulfenyl chloride, Cyclohexanesulfonic acid, Cyclohexanesulfonyl fluoride, Cyclohexanethiol, Cyclohexanimine , Cyclohexanol, Cyclohexanone, Cyclohexasilane , Cyclohexasiloxane ,  Cyclohexene ,   Cyclohexenebutanal    Cyclohexenecarbonitrile,  Cyclohexenecarboxaldehyde ,  Cyclononanol ,  Cyclooctanamine,  Cyclooctanecarboxylic acid ,  Cyclooctanone,  Cyclooctene, Cyclopentadecane, Cyclopentadecanol, Cyclopentadecanone , Cyclopentanamine, Cyclopentane, Cyclopentaneacetic acid , Cyclopentanecarbonyl fluoride , Cyclopentanecarboxylic acid ,  Cyclopentanemethanamine , Cyclopentanemethanol , Cyclopentanepropanoic acid, Cyclopentanethiol, Cyclopentanol, Cyclopentanone, Cyclopentasiloxane, Cyclopentene, Cyclopropanamine, Cyclopropane, Cyclopropanecarbonitrile, Cyclopropanecarbonyl chloride, Cyclopropanecarboxaldehyde, Cyclopropanecarboxamide, Cyclopropanecarboxylic acid, Cyclopropanemethanamine, Cyclopropanemethanol, Cyclosiloxane, Cyclosiloxane , Cyclotetrasilane , Cyclotetrasiloxane , Cyclotrisilazane , Cyclotrisiloxane , Cysteine , Cytidine, Cytochrome c, Cytophaga lytica, Dactylaria  brochopaga, Dactylomyces thermophiles, D-Alanine, D-Amino acid,  Dammar , D-Arabinitol, D-arabino-2- Hexulosonic acid, D-arabino-Hexose , D-Arabinonic acid,  D-Arabinose, D-Arginine, D-Aspartic acid , Decaborane , Decaglycerol, Decanal, Decanamide, Decane, Decanediamide , Decanedinitrile, Decanedioic acid,  Decanedioyl dichloride, Decanenitrile, Decanoic acid, Decanoyl chloride, Decene, Decenoic acid, Dendryphion nanum, Deoxyribonuclease, Deoxyribonucleic acids, D-erythro, Deuterium,Dextran , Dextranase, Dextri-Maltose, Dextrin, D-Fructose,  D-Galacto-D,  D-Galacto-L , D-Galactonic acid,  D-Galactose, D-Galacturonan,  D-Galacturonic acid, D-Glucaric acid,  D-Glucitol , D-gluco-Heptonic  acid , D-Gluconic acid, D-Glucopyranose, D-Glucopyranoside , D-Glucopyranosyl bromide , D-Glucopyranuronic acid , D-Glucose, D-Glucuronic acid, D-Glucurono, D-Glutamic acid, D-glycero,D-Histidine, Diacenaphtho, Diamond, Diarsenic acid, Diazene, Diazenecarbothioic acid, Diazenecarboxylic acid, Diazenium, Diaziridine, Dibenzo, Dibenzofuran, Dibenzothiophene, Dibenzothiophene, Diborane, Dicarbonic acid, Didymium, Difuro, Diimidotricarbonic diamide, Diindolo, Dinaphtho, Diphenaleno, Diphosphoramide, Diphosphoric acid, Diplumbane,  Diplumboxane,  Diselenide,  Disilane, Disiloxane, Disiloxanol, Distannathiane, Distannoxane, Disulfide, Disulfoxide, Disulfuric acid, Disulfurous acid, Disulfuryl fluoride, Dithionous acid, D-Leucine, D-Lysine, D-Lyxose, D-Mannito, D-manno, D-Mannose, D-Methionine, Docosanamide, Docosane, Docosanoic acid, Docosene, Dodecaborate, Dodecanal, Dodecanamide, Dodecanamide, Dodecane, Dodecanedioic acid,  Dodecanediperoxoic acid, Dodecanenitrile, Dodecanethioic acid, Dodecanoic acid, Dodecanol, Dodecanoyl , Dodecene, Dolime, Dolomite, Dopamine,  Dore, D-Ornithine, Dotriacontane, D-Phenylalanine, D-Proline, D-Ribose, D-Serine, D-Streptamine, D-Tryptophan, D-Tyrosine, D-Valine, D-Xylose, Dysprosium,  Eicosane, Eicosanedioic acid, Eicosanoic acid, Eicosene, Eicosenoic acid, Eimeria, Elastase, Endothia parasitica, English chamomile oil, Enteropeptidase, Entomophthora, Epoxides, Erbium, Eriodictyon californicum, Escherichia coli, Esparto wax, Ethanamine, Ethanaminium, Ethane, Ethanedial, Ethanediamide, Ethanediimidic acid, Ethanediimidoyl dichloride, Ethanedinitrile, Ethanedioic acid, Ethanedioyl dibromide, Ethanedioyl dichloride, Ethanedioyl difluoride, Ethanedithioamide, Ethanedithiol, Ethaneperoxoic acid, Ethanesulfenyl chloride, Ethanesulfinic acid, Ethanesulfonamide, Ethanesulfonic acid, Ethanesulfonyl chloride, Ethanesulfonyl fluoride, Ethanethioamide, Ethanethioic acid, Ethanethiol, Ethanimidamide , Ethanimidic acid, Ethanimidothioic acid,  Ethanimidoyl chloride,  Ethanol, Ethanone, Ethenamine, Ethene, Ethenesulfonic acid, Ethenol, Ethenone, Ethyne, Eucryptite , Eupenicillium,   Europate,  Europium, Fatty acids,  Faujasite , Fayalite ,  Feldspar,  Ferrate, Ferrite,   Ferritin, Ferroalloys,  Ferrocene, Ferrocenium,  Fibrinogens, Ficin, Flavobacterium oxydans, Flavonoid,  Flue dust, Fluoranthene, Fluorine, Fluorite,   Fluoroapatite,   Fluorosulfuric acid, Fluorphlogopite,   Fomes, Formaldehyde, Formamide, Formate dehydrogenase, Formic acid, Fructofuranosidase, Furan, Furancarboxylic acid, Furcellaran, Fusel oil, Gadolinium, Galactopyranose, Galactopyranose, Galactopyranoside, Galactosidase, Gallate, Gallium , Gambier, Gas oils,  Gasoline , Geikielite,  Gelatin,  Gelidium, Gellan gum, Geotrichum candidum , Germanate, Germane, Germanium, Giemsa's stain, Gilsonite , Gliadins, Gliomastix murorum, Globulins, Glucan, Glucitol , Glucoamylase, Glucofuranose, Glucopyranose, Glucopyranoside, Glucopyranosiduronic acid, Glucose dehydrogenase, Glucose somerase, Glucose oxidase, Glucosidase, Glutamate dehydrogenase, Glutamic acid, Glutamyltransferase, Glutathione reductase, Gluten , Glyceraldehyde, Glycerides,  Glyceridic oils, Glycerol , Glycine,  Glycogen, Glycol,  Glycolipid, Goethite,   Gold, Graphite, Grease,  Guanidine,  Guanosine, Guar gum, Hafnium, Hectorite, Helium, Hematite , Hemicellulase, Hemicellulose, Hemocyte , Hemoglobins, Heneicosanamide,  Heneicosane, Heparin , Heptacyclo,  Heptadecane, Heptadecanedioic acid, Heptadecanenitrile, Heptadecanoic acid, Heptadecanol, Heptadecanoyl,   Heptadecene, Heptanal, Heptanamide, Heptane, Heptanedinitrile , Heptanedioic acid, Heptanedioyl dichloride, Heptanenitrile,Heptanoic acid , Heptanol,  Heptanoyl chloride, Heptasiloxane,  Heptatriacontane, Heptene, Heptenenitrile , Heptenoic acid, Heptenol, Heptenone,  Hexacosane,  Hexacosene, Hexadecadien,  Hexadecanal, Hexadecanamide, Hexadecane, Hexadecanedioic acid , Hexadecanenitrile, Hexadecanetriol,  Hexadecanoic acid, Hexadecanol,  Hexadecanoyl chloride, Hexadecen,  Hexadecene, Hexadecenesulfonic acid,  Hexaglycerol, Hexanal, Hexanamide, Hexane, Hexanediamide, Hexanedinitrile, Hexanedioic acid , Hexanedioyl dichloride, Hexanenitrile, Hexaneperoxoic acid , Hexanethioic acid , Hexanoic acid, Hexanol, Hexasiloxane,  Hexasulfide,  Hexatriacontane, Hexenal, Hexene, Hexitol , Hexokinase, Hexulofuranosonic acid,  Hexyne, Histidine, Holmium, Homocysteine,  Homoserine , Humic acids, Humicola grisea, Humicola minima, Hyaluronic acid, Hyaluronidase, Hydrazine, Hydrazinecarbodithioic acid,  Hydrazinecarbonitrile,  Hydrazinecarbothioamide, Hydrazinecarboxaldehyde, Hydrazinecarboxamide, Hydrazinecarboximidamide,  Hydrazinecarboxylic acid,  Hydrazinium , Hydrazinyl , Hydrazoic acid, Hydriodic acid, Hydrobromic acid, Hydrocarbon, Hydrochloric acid, Hydrocyanic acid, Hydrofluoric acid, Hydrogen, Hydroperoxide , Hydropolysulfide,  Hydroxylamine, Hydroxylapatite,   Hydrozincite,   Hypobromous acid, Hypochlorous acid , Hypodiphosphorous tetraiodide , Hypoiodous acid,  Hypophosphoric acid, Ichthammol, Imidazo , Imidazole , Imidazolidine,  Imidazolium, Imidodicarbonic diamide , Imidodicarbonimidic diamide,  Imidodisulfuric acid,  Imidodisulfuryl fluoride , Indanthren Printing Black , Indate,,  Indene, Indeno , Indium, Indole, Indolizine ,  Inosine, Inositol, Inulin, Inulinase, Iodate , Iodic acid, Iodine, Iodonium, Ionone, Iridium, Iron,  Irone, Isobenzofurancarboxylic acid, Isocitrate dehydrogenaseIsocyanic acid, Isocyclocitral, Isodecanal, Isodecanamine , Isodecane,  Isodecanediamine, Isodecanoic acid, Isodecanol, Isododecane, Isoeicosanol, Isoeicosenoic acid , Isoheptane, Isoheptanoic acid,  Isohexacosanol, Isohexadecanoic acid, Isohexadecanol, Isoleucine, Isomerase, Isononanamine, Isononane, Isononanenitrile, Isononanoic acid, Isooctadecanamide, Isooctadecanoic acid, Isooctadecanol, Isooctanamine, Isooctane, Isooctanoic acid, Isooctanol, Isoquinoline, Isoquinolinium ,  Isotridecanamine,  Isotridecane,   Isotridecanoic acid,  Isotridecanol,  Isoxazole, Isoxazolium, Japan wax, Kaolin, Kaolinite , Karaya gum, Keratin, Keratinase , Kerosine,  Ketone , Kieselguhr, Klebsiella ,  Krypton, Labdanum , Laccase, Lactalbumin, Lactobacillus ,  Lactococcus lactis, L-Alaninamide , L-Alanine, Laminaran, Lanolin, Lanthanum,   L-Arabinitol, L-Arabinopyranose, L-Arabinose, Lard , L-Arginine, L-Ascorbic acid, L-Asparagine, L-Aspartic acid, L-Cysteine, L-Cystine, Lead, Lecithins,  Lepiota amianthina, Leucine, Leucomycin , Leuconostoc oenos, Leucyl aminopeptidase, Levanase, L-Galactose , L-Glutamic acid, L-Glutamine, L-glycero , L-Gulopyranuronic acid , L-Histidine , L-Homocysteine , L-Homoserine , Lignin, Lignocellulose, Lignosulfonic acid,  Ligroine, Lime,   Limestone, Limonite, Linalool oxide, Linseed oil , Lipoamide dehydrogenase, Lipoprotein lipase, Lipoxygenase,  L-Isoleucine, Lithium, L-Lactate dehydrogenase, L-Leucine, L-Lysine, L-Lyxose, L-Mannose, L-Methionine, L-Norleucine, L-Ornithine, L-Phenylalanine, L-Proline, L-Serine, L-Sorbose, L-Threonine, L-Tryptophan, L-Tyrosine, Luciferase, Luteinizing,   Lutetium, L-Valine, L-Xylose, Lysine,  Lysozyme, Mace oil, Magnesate, Magnesium,  Magnesocene, Magnetite,  Maltodextrin, Manganate  , Manganese, Manganic acid ,  Mannitol, Memnoniella,   Mercurate , Mercury,  Metaphosphate,  Metaphosphimic acid,   Metaphosphoric acid,   Metarrhizium anisopliae, Methan , Methanamine, Methanaminium , Methane, Methanediamine,Methanediol, Methanedisulfonic acid, Methanesulfenyl chloride,  Methanesulfinic acid , Methanesulfonamide, Methanesulfonic acid, Methanesulfonyl chloride, Methanesulfonyl fluoride, Methanethioamide , Methanethioic acid,  Methanethiol, Methanethione , Methanimidamide,  Methanimidic acid, Methanol, Methanone, Methionine, Methylium, Micrococcus, Milk, Mill scale, Molasses,  Molybdate, Molybdenum, Monoglyceride,  Monophenol monooxygenase, Montan wax, Montmorillonite,  Mordenite, Morphinan , Morpholine, Morpholinium , Mucor pusillus, Musk,  Mycena polygramma, Mycobacterium chitae, Mycobacterium paraffinicum, myo-Inositol, Myrothecium verrucaria, Naphtha, Naphthalene, Naphthalenesulfonic acid,  Naphthenic acid, Naphthenic oil, Naphtho, Natural gas, Neodecanamide , Neodecaneperoxoic acid,  Neodecanoic acid,  Neodecanoyl chloride, Neodymium, Neoheptaneperoxoic acid,  Neoheptanoic acid,  Neomycin , Neon, Neononanoic acid,  Nepheline,   Neuraminic acid,  Neuraminidase, Nickel, Nickelate, Nickelocene,  Niobate, Niobium, Nitric acid, Nitrile, Nitrobacter agilis, Nitrogen,  Nitrosomonas europaea, Nitrosyl chloride,   Nitrous acid, Nitroxide, Nocardia,  Nonacosane, Nonacyclo, Nonadecane, Nonadecanenitrile, Nonadecanoic acid, Nonadien, Nonadienal, Nonanal, Nonanamide, Nonane, Nonanediamide, Nonanedioic acid, Nonanediol, diacetate, Nonanedioyl dichloride, Nonanediperoxoic acid, Nonanenitrile, Nonanoic acid, Nonanol, Nonanoyl chloride, Nonasiloxane,  Nonen , Nonene, Nonenenitrile, Nonenoic acid , Noradrenaline,  Norleucine, Norvaline, Nucleoprotamines , Octacosanamide, Octacosane, Octacosanoic acid, Octadecadienoic acid, Octadecanamide, Octadecane, Octadecanedioic acid, Octadecanenitrile, Octadecanoic acid,  Octadecanoyl chloride, Octadecen,  Octadecenamide,  Octadecene, Octadecenoic acid, Octanal, Octanamide, Octane , Octanediimidic acid,  Octanedinitrile, Octanedioic acid, Octanedioyl, Octanenitrile, Octaneperoxoic acid, Octanoic acid , Octanol , Octanoyl,    Octasiloxane,  Octatriacontane, Octen , Octene, Oil, Olive oil, Orcein, Ornithine , Osmate,   Osmium,   Ovalbumin, Oxacyclododecan,  Oxacyclohexadec,  Oxacyclohexadecan,  Oxacyclohexadecane,  Oxacyclopentadec , Oxacyclotetradecan,  Oxacycloundecane,  Oxaziridine,  Oxazole , Oxazolidine,  Oxazolium,  Oxepane, Oxetane, Oxirane,  Oxiranecarboxylic acid,  Oxiranemethanaminium , Oxonium,  Oxygen, Ozone, Paecilomyces,  Palladate, Palladium, Palm oil, Pancreatin, Pancrelipase, Papain, Papulaspora,  Paraffin oils, Paraffin wax, Pasteurella, Peanut oil , Pectate lyase, Pectic acid , Pectin, Penicillinase, Penicillium , Pentaborane , Pentacene, Pentacosane, Pentacyclo , Pentadecanal, Pentadecane, Pentadecanedioic acid, Pentadecanoic acid, Pentadecene, Pentanal, Pentanamide, Pentane, Pentanedial, Pentanediamide, Pentanedinitrile,  Pentanedioic acid, Pentanedioyl dichloride, Pentanenitrile, Pentanoic acid, Pentanoyl fluoride , Pentaric acid , Pentasiloxane , Pentasulfide, Pentene, Pentitol , Pentonic acid , Peptidase, Peptones, Perboric acid , Perchloric acid, Perchloryl fluoride,  Perfluoro , Periodic acid , Permanganic acid , Peroxidase, Peroxide, Peroxydicarbonic acid , Peroxydisulfuric acid,   Peroxymonosulfuric acid, Perylene, Pesticin, Petrolatum, Petroleum, Phenanthrene, Phenanthridine,  Phenazasiline,  Phenazine, Phenazinium, Phenol, Phenothiazin , Phenoxathiin, Phenoxazin , Phenylalanine, Pholiota mutabilis, Phosphate, Phosphine , Phosphinecarboxylic acid,  Phosphinic, Phosphinothioic acid , Phosphinous chloride,  Phosphoenolpyruvate hydratase, Phosphofructokinase, Phosphoglucomutase, Phosphogluconate dehydrogenase,  Phosphoglycerate kinase, Phospholipase, Phosphonic acid, Phosphonium , Phosphonochloridic acid , Phosphonochloridothioic acid,  Phosphonochloridous acid , Phosphonofluoridic, Phosphonothioic  ,  Phosphonous acid,  Phosphonous dichloride, Phosphoramidic acid , Phosphoramidocyanidic acid,  Phosphoramidothioic acid , Phosphorane, Phosphoric acid , Phosphoric triamide , Phosphoric tribromide, Phosphoric trichloride, Phosphoric trifluoride, Phosphoro(dithioperoxo)thioic acid , Phosphoro(dithioperoxo)thioic acid , Phosphorobromidochloridic acid , Phosphorobromidochloridic acid , Phosphorochloridic acid,   Phosphorochloridic acid  , Phosphorochloridodithioic acid , Phosphorochloridodithioic acid , Phosphorochloridothioic acid , Phosphorochloridous acid , Phosphorodiamidic acid, Phosphorodichloridic acid , Phosphorodichloridodithioic acid,  Phosphorodichloridothioic acid,  Phosphorodichloridous acid,  Phosphorodifluoridic acid, Phosphorodithioic ,  Phosphorofluoridic ,  Phosphorotrithioic , Phosphorotrithious ,  Phosphorus, Phosphorylase ,  Phthalazine, Picrasa, Pine tar, Piperazine , Piperazineethanol, Piperazinium , Piperazinone , Piperidine , Piperidinium,  Pitch , Plasmin, Platinate , Platinum,  Pleurotus , Plumbane , Plumbate,   Polyoxy, Polynucleotide , Polyoxyalkylene , Polyoxymethylenes, Polyphenyl, Polyphosphoric acid , Polyporus palustris, Polysulfide,  Potassium , Pozzolans , Praseodymium, Pregna, Proline, Propanal, Propanamide, Propane, Propanediamide,Propanedinitrile, Propanedioic acid , Propanediol , Propanedioyl dichloride, Propanehydrazonoyl , Propanenitrile, Propaneperoxoic acid, Propanesulfonic acid,  Propanethioic acid , Propanethiol, Propanimidamide,  Propanoic acid, Propanol,  Propanoyl , Propenylium,  Propylium, Protamines ,  Protein hydrolyzates, Proteinase, Pseudobrookite,  Pseudomonas, Pullulan, Pullulanase, Pumice, Pyrazine , Pyrazino,  Pyrene,  Pyrethrins,   Pyrethroids, Pyridazine, Pyridine, Pyridinium, Pyrimidine,  Pyrimidinium , Pyrimido,   Pyrite,   Pyrochlore , Pyrochroite,   Pyroligneous acids, Pyrrolidine, Pyrrolidinium, Pyrrolo, Pyruvate kinase, Pyrylium, Quartz, Quaternary ammonium , Quaterphenyl, Quino, Quinoline, Quinolinesulfonic acid, Quinolinium, Quinoxaline, Quinoxalino, Radium, Raffinates ,  Rammelsbergite,   Rape oil, Rare earth, Resin, Retinal, Retinoic acid, Retinol, Rhamnosidase, Rhenate, Rhenium , Rhizobium, Rhizopus, Rhodate, Rhodium, Ribitol, Riboflavin, Ribofuranose, Ribonuclease, Ribonucleic acid , Rosin, Rubber, Rubidium, Ruthenate , Ruthenium, Rutile, Saccharomonospora,    Saccharomyces,  Saccharomycopsis ,  Safflower oil, Salmonella, Samarium, Santalol, Sapphire,  Scandium, Scheelite , Scleroglucan, Scopulariopsis,  Selenic acid, Seleninyl bromide, Seleninyl chloride, Selenious acid, Selenium, Sepiolite, Serine, Sesquiterpenes, Sesquiterpenoids, Shellac, Silacyclobutane, Silanamine, Silane, Silanediamine , Silanedicarbonitrile,  Silanediol,  Silanetetramine , Silanetriol,  Silanol,  Silica,  Silicic acid, Silicon, Siloxanes, Silsesquioxanes, Silver, Silylene, Sodium, Solvent naphtha, Sorbitan, soybean Flour, Soybean oil, Sperm oil, Spodumene , Stannane, Staphylococcus aureus, Stearoptenes, Stibine, Streptococcus , Streptomyces,  Strontium, Strychnidin, Sulfamic acid, Sulfamide, Sulfamoyl chloride, Sulfite liquors, Sulfonamides, Sulfonic acids, Sulfuric acid, Sulfurous acid, Sulfuryl chloride, Sulfuryl chloride fluoride, Sulfuryl chloride isocyanate,Sulfuryl fluoride, Sunflower oil , Superphosphates, Sutilains, Tallow, Tannins, Tantalum, Tar acids, Telluric acid,  Tellurium, Terbenzothiazole, Terbium, Terminal deoxyribonucleotidyltransferase, Terpenes,   Terpenoids, Terphenyl, Terpinene, Terpineol,  Tetracontane, Tetracosane, Tetracosanoic acid, Tetracosene, Tetradecanal, Tetradecanamide, Tetradecane, Tetradecanenitrile, Tetradecanoic acid, Tetradecanol, Tetradecanoyl chloride, Tetradecene, Tetradecenesulfonic acid,  Tetradecenol, Tetraphosphoric acid , Tetrasiloxane, Tetrasulfide , Tetratetracontane, Tetrathionic acid,  Thallium, Thermoactinomyces vulgaris, Thermomyces verrucosus, Thermopolyspora polyspora, Thianthrene, Thianthrenedicarboxamide, Thianthrenium,  Thiazole, Thiazolidine, Thiazolidinium, Thiazolium, Thiazolo, Thieno, Thietane, Thiirane, Thiocyanic acid, Thiodicarbonic, Thiodiphosphonic acid , Thioimidodicarbonic, Thiols, Thiomorpholine, Thionyl bromide, Thionyl chloride, Thionyl fluoride, Thioperoxydicarbonic acid, Thioperoxydicarbonimidic diamide, Thioperoxydiphosphoric acid, Thiophene, Thiophenium, Thiopyrylium, Thiosulfuric acid, Thiourea, Thorium, Threonine, Thrombin, Thulium, Thymidine, Tin, Titanate, Titanium,  Topaz , Torula , Trametes ,  Transferrin, Triacontane, Triacylglycerol lipase, Triazolo, Trichoderma,    Tricosane, Tricyclodecanedimethanol, Tridecanal, Tridecane, Tridecanedioic acid, Tridecanenitrile, Tridecanoic acid, Tridecanoyl chloride, Tridecene, Triglycerol, Triose-phosphate isomerase, Triphenodioxazinedisulfonic acid, Triphosphoric acid, Trisilane, Trisiloxane, Trisulfide, Tritium, Trypsin, Tryptophan, Tung oil, Tungstate, Tungsten, Turpentine, Tyrosine, Undecane,Undecanedioic acid, Undecanenitrile, Undecanol, Undecenal,  Undecenoic acid, Undecenoyl chloride, Uranium, Urea , Urease, Uridine, Urokinase , Valine, Valinomycin, Vanadate , Vanadium , Verticillium lecanii, Vinyl acetal polymers , Waxes and Waxy substances,  Whey , White mineral oil ,  Wolframite  ,  Wool wax,  Wurtzite,  Xanthan gum, Xanthine oxidase, Xanthylium , Xenon, Xylan, Xylitol, xylo , Xylofuranose , Xylopyranoside, Xylopyranoside , Yeast , Yohimban,  Ytterbium, Yttrium,  Zanthoxylum, Zeins, Zinc, Zincate, Zircon, Zirconate, Zirconium, Zymosans,"
Critical Infrastructure,Water Assessments,"Vulnerability Assessments on the risks and security of public drinking water systems, to include, but not be limited to, a review of pipes and constructed conveyances, physical barriers, water collection, pretreatment, treatment, storage and distribution facilities, electronic, computer or other automated systems which are utilized by the public water system, the use, storage, or handling of various chemicals, and the operation and maintenance of such system.","water, vulnerability","SCADA, water treatment, drinking water",
Defense,Controlled Technical Information,"Controlled Technical Information means technical information with military or space application that is subject to controls on the access, use, reproduction, modification, performance, display, release, disclosure, or dissemination. Controlled technical information is to be marked with one of the distribution statements B through F, in accordance with Department of Defense Instruction 5230.24, ""Distribution Statements of Technical Documents."" The term does not include information that is lawfully publicly available without restrictions. ""Technical Information"" means technical data or computer software, as those terms are defined in Defense Federal Acquisition Regulation Supplement clause 252.227-7013, ""Rights in Technical Data - Noncommercial Items"" (48 CFR 252.227-7013). Examples of technical information include research and engineering data, engineering drawings, and associated lists, specifications, standards, process sheets, manuals, technical reports, technical orders, catalog-item identifications, data sets, studies and analyses and related information, and computer software executable code and source code.",controlled technical,"export-controlled, non-archived technical documents, DTIC,  International Exchange Program, weapon system specification, Foreign Government Information, Atomic Energy, warfighting capabilities, Direct Military Support,  classified technical document",
Defense,DoD Critical Infrastructure Security Information,"Information that, if disclosed, would reveal vulnerabilities in the DoD critical infrastructure and, if exploited, would likely result in the significant disruption, destruction, or damage of or to DoD operations, property, or facilities, including information regarding the securing and safeguarding of explosives, hazardous chemicals, or pipelines, related to critical infrastructure or protected systems owned or operated on behalf of the DoD, including vulnerability assessments prepared by or on behalf of the DoD, explosives safety information (including storage and handling), and other site-specific information on or relating to installation security.","critical infrastructure, disruption, defense, hazardous chemicals, explosives",,
Defense,Naval Nuclear Propulsion Information,"Related to the safety of reactors and associated naval nuclear propulsion plants, and control of radiation and radioactivity associated with naval nuclear propulsion activities, including prescribing and enforcing standards and regulations for these areas as they affect the environment and the safety and health of workers, operators, and the general public.","nuclear, navy, propulsion",,
Defense,Unclassified Controlled Nuclear Information - Defense,"Relating to Department of Defense special nuclear material (SNM), equipment, and facilities, as defined by 32 CFR 223.","department of defense, nuclear","special nuclear material, SNM, reactor core, Atomic Energy Defense, nuclear weapons, nuclear weapon components, adverse effects test, nuclear weapons facility, security system component, fission,   transmutation, nuclear accident, radiological release, Nuclear Weapon Stockpile",
Export Control,Export Controlled,"Unclassified information concerning certain items, commodities, technology, software, or other information whose export could reasonably be expected to adversely affect the United States national security and nonproliferation objectives. To include dual use items; items identified in export administration regulations, international traffic in arms regulations and the munitions list; license applications; and sensitive nuclear technology information.","commodities, national security","Export Control, EAR99",
Export Control,Export Controlled Research,Related to the systematic investigation into and study of materials and sources in order to establish facts and reach new conclusions.,export controlled,                                                                                                                                                                                                 ,
Financial,Bank Secrecy,"Information that is provided to the government pursuant to the Bank Secrecy Act, including but not limited to, suspicious activity reports (SAR), currency transaction reports (CTR), reports of international transportation of currency or monetary instruments (CMIR), reports of cash payment over $10,000 received in trade or business, and reports of foreign bank and financial accounts (FBAR). Reports filed under the Bank Secrecy Act (BSA), codified in relevant part at 31 U.S.C. § 5311 et seq, are specifically exempt from disclosure under the Freedom of Information Act, codified at 5 U.S.C. § 552, and also may not be disclosed under any State, local, tribal, or territorial “freedom of information,” “open government,” or similar law.  See 31 U.S.C. § 5319; 5 U.S.C. § 552(b)(3).  These reports (BSA Reports), are maintained in a system of records containing information compiled for law enforcement investigative purposes that has been exempted from the access provisions of the Privacy Act in accordance with 5 U.S.C. §§ 552a(j)(2) and (k)(2). BSA Reports may only be re-disseminated in strict accordance with guidelines established by the Financial Crimes Enforcement Network (FinCEN), the Treasury bureau that administers the BSA.  Suspicious Activity Reports, one of the types of required reports filed under the BSA, are required to be kept confidential in accordance with 31 U.S.C. § 5318(g)(2) and implementing regulations. To the extent information falling under the purview of the BSA is collected, accessed, or used for any Federal tax administration purpose, it is also subject to the confidentiality provisions of the Internal Revenue Code, codified at 26 U.S.C. § 6103.","suspicious activity reports (SAR), currency transaction reports (CTR), currency or monetary instruments (CMIR), foreign bank and financial accounts (FBAR), bank secrecy act (BSA)",,
Financial,Budget,"Related to information concerning the federal budget, including authorizations and estimates of income and expenditures.",budget, authorization,
Financial,Comptroller General,"Concerning the Officer of the United States Government who is charged with duties relating to fiscal affairs, including auditing, examining accounts, and reporting the financial status of the United States Government.",comptroller general,,
Financial,Consumer Complaint Information,"Related to information concerning consumer complaints or inquiries concerning financial institutions or consumer financial products and services, and responses to them.",consumer,,
Financial,Electronic Funds Transfer,Relating to the computer-based systems used to perform financial transactions electronically.,financial transactions,,
Financial,Federal Housing Finance Non-Public Information,"Related to information that the Federal Housing Finance Agency (FHFA) has not made public that is created by, obtained by, or communicated to an FHFA employee in connection with the performance of official duties, regardless of who is in possession of the information, including confidential supervisory information. Confidential supervisory information includes FHFA reports of examination, inspection and visitation, confidential operating and condition reports, and any information derived from, related to, or contained in such reports, or gathered by FHFA in the course of any investigation, suspicious activity report, cease-and- desist order, civil money penalty enforcement order, suspension, removal or prohibition order, or other supervisory or enforcement orders or actions taken under the Federal Housing Enterprises Financial Safety and Soundness Act of 1992, and other conditions as set forth in 12 CFR Part 1214.1.",federal housing finance agency,Suspended Counterparty,
Financial,Financial Supervision Information,"Related to information connected to an agency's responsibilities to supervise, examine, and evaluate a financial institution.","supervise, examine, and evaluate",,
Financial,General Financial Information,"Related to the duties, transactions, or otherwise falling under the purview of financial institutions or United States Government fiscal functions. Uses may include, but are not limited to, customer information held by a financial institution.","customer, financial institution",,
Financial,International Financial Institutions,"Relating to entities that provide financial services for its clients or members, and were established (or chartered) by more than one country, and hence are subjects of international law.","financial services, clients",international finance,
Financial,Mergers,Relating to methods by which corporations legally unify ownership of assets formerly subject to separate controls.,mergers,,
Financial,Net Worth,Related to the net worth of an individual and/or their affiliates in certain administrative proceedings.,worth,,
Financial,Retirement,Related to post-employment funding provided by an employer.,retirement,,
Immigration,Asylee,Related to refugee applications and associated hearings to grant asylum to foreign nationals in the United States to be recognized as asylees.,"asylee, asylum","I-589, Withholding of Removal, Alien Registration Number, Immigration Court",
Immigration,Battered Spouse or Child,"Related to information within applications and associated hearings provided by, or that could identify, a battered spouse or child of a US citizen or US permanent resident seeking independent protected status within the United States.","spouse, child",battered spouse,
Immigration,Permanent Resident Status,Related to applications and associated hearings to grant permanent residency to foreign nationals living in the United States.,foreign national,permanent residency,
Immigration,Status Adjustment,Related to applications for the adjustment of immigration status.,immigration,,
Immigration,Temporary Protected Status,Related to findings that conditions in a given country pose a danger to personal safety due to ongoing armed conflict or an environmental disaster and persons should receive special temporary status to remain in the United States.,danger,"armed conflict, environmental disaster ",
Immigration,Victims of Human Trafficking,Related to identifiable information of persons who have been victims of human trafficking and their family members.,human trafficking,,
Immigration,Visas,Related to applications or permits to enter the United States.,"application, permit","visa, DS-160, DS-156E, DS-157, DS-158, DS-1648, DS-2019, DS-117, DS-230, DS-260, DS-261, DS-234, DS-1981, DS-1884, ",
Intelligence,Agriculture,"Information related to the agricultural operation, farming or conservation practices, or the actual land of an agricultural producer or landowner.",agriculture,"Soil Data Access, SDA, Mapunit,  Important farmlands, prime farmland, unique farmland, high-value food crop, high-value fiber crop",
Intelligence,Foreign Intelligence Surveillance Act,Related to unclassified and declassified information that is collected from unconsenting individuals under the authority of the Foreign Intelligence Surveillance Act (FISA).,foreign intelligence surveillance act,FISA,
Intelligence,Foreign Intelligence Surveillance Act Business Records,"Related to books, records, papers, documents, and other items produced for an investigation to obtain foreign intelligence information.",business records,FISA,
Intelligence,General Intelligence,"Related to intelligence activities, sources, or methods.",intelligence,"Overhead  Reconnaissance, Airborne Reconnaissance, publicly available,  foreign intelligence, Defense Intelligence,  Intentional Collection, electronic surveillance, Technical Surveillance Countermeasures, TSCM, SIGINT, signals intelligence, IMINT, Imagery Intelligence, MASINT, Measurement and Signature Intelligence, HUMINT, Human intelligence, OSINT, Open-Source Intelligence, GEOINT, Geospatial Intelligence",
Intelligence,Geodetic Product Information,"Related to imagery, imagery intelligence, or geospatial information.","imagery, imagery intelligence, geospatial","NGA, NIMA, IPAC, National Geospacial Intelligence Agency, DMA, Defense Mapping Agency",
Intelligence,Intelligence Financial Records,"Related to financial records obtained for intelligence or counterintelligence activity, investigation, or analysis.","intelligence, counterintelligence","FINCEN, Financial Intelligence Center, OIA",
Intelligence,Internal Data,"Refers to a category of information that is not intended to be disseminated beyond CIA channels that involves intelligence activities, sources, or methods. This information may also relate to the CIA's organization, functions, names, official titles, salaries, or numbers of personnel.","central intelligence agency, intelligence","CIA, Chief of Station",
Intelligence,Operations Security,"Critical information determined to give evidence of the planning and execution of sensitive (frequently classified) government activities after going through a formal systematic vetting process in accordance with National Security Decision Directive Number 298. This process identifies unclassified information that must be protected. It almost always results from an agency’s official OPSEC program, or is otherwise commonly approved for use by the CUI Senior Agency Official.",government activities,"OPSEC,  National Security Agency, Department of Defense, Department of Energy, Central Intelligence Agency,  Federal Bureau of Investigation,  General Services Administration, NSA, DoD, DOE, CIA, FBI, GSA",
International Agreements,International Agreement Information,"Information provided by, otherwise made available by, or produced in cooperation with, a foreign government or international organization that requires protection pursuant to an existing treaty, agreement, bilateral exchange or other obligation under the requirements stipulated in 10 USC 130c(b), when not subject to classification under Executive Order 13526. Title 10 USC 130c(b) may exempt this class of foreign government information from the safeguard provisions otherwise required by Executive Order 13526. Per Title 10 USC 130c(h) the following national security officials are the only ones defined by statute as able to determine such information requires control: (A) The Secretary of Defense, with respect to information of concern to the Department of Defense. (B) The Secretary of Homeland Security, with respect to information of concern to the Coast Guard, as determined by the Secretary, but only while the Coast Guard is not operating as a service in the Navy. (C) The Secretary of Energy, with respect to information concerning the national security programs of the Department of Energy, as determined by the Secretary.",secretary of,"national security official,  international organization, sensitive information, ",
Law Enforement,Accident Investigation,"Related to information obtained during the course of an accident or incident investigation.  Including but not limited to information related to wreckage, records, mail, or cargo. ",accident investigation,"wreckage, accident report, NTSB, ", 
Law Enforement,Campaign Funds,Related to information obtained in connection to an investigation into campaign finance and disclosure laws. Usage may include but is not limited to notification or investigation pertaining to financial support of a candidate for election.,campaign funds,,
Law Enforement,Committed Person,Related to information concerning the mental condition of a person committed to a psychiatric facility.,psychiatric,,
Law Enforement,Communications,"Related to the contents of any wire, oral, or electronic communication.",communications,,
Law Enforement,Controlled Substances,Information obtained by the Drug Enforcement Administration (DEA) or in DEA investigative reports related to controlled substances.,controlled substances,,
Law Enforement,Criminal History Records Information,"Related to information collected by criminal justice agencies on individuals consisting of identifiable descriptions and notations of arrests, detentions, indictments, informations, or other formal criminal charges, and any disposition arising therefrom, including acquittal, sentencing, correctional supervision, and release.","arrests, detentions, indictments, ciminal",,
Law Enforement,DNA,Related to hereditary material in humans that is used for law enforcement purposes.,dna,,
Law Enforement,General Law Enforcement,"Related to techniques and procedures for law enforcement operations, investigations, prosecutions, or enforcement actions.","enforcement operations, investigations, prosecution",,
Law Enforement,Informant,Related to the identity of a human source.,informant,,
Law Enforement,Investigation,"Related to information obtained during the course of a law enforcement investigation or action, civil or criminal.",investigation,,
Law Enforement,Juvenile,Related to the identity of individual juvenile youths.,juvenile,,
Law Enforement,Law Enforcement Financial Records,Related to financial records obtained for law enforcement purposes.,law enforement,,
Law Enforement,National Security Letter,Related to administrative orders sent to compel the recipients of the letters to provide information to federal investigators.,national security,federal investigator,
Law Enforement,Pen Register/Trap & Trace,Related to devices used to identify incoming and outgoing telephone numbers.,telephone,"intercept, wire tap, ",
Law Enforement,Reward,Related to the identity of a recipient of a reward.,reward,,
Law Enforement,Sex Crime Victim,Related to the identity of a victim of a sex offense.,sex,,
Law Enforement,Terrorist Screening,Related to information gathering and analysis concerning possible threats or acts of a destructive nature.,"threats, terrorist",,
Law Enforement,Whistleblower Identity,"Identity of anyone providing information relating to a legal violation or illicit or unsafe activity, including information provided by a whistleblower which could reasonably be expected to reveal the identity of a whistleblower.",whistleblower,,
Legal,Administrative Proceedings,"Adjudication of agency-related matters including, but not limited to, dispute resolution, settlements, and issuances of orders.",administrative proceedings,,
Legal,Child Pornography,"From 18 USC 2256(8) ""child pornography"" means any visual depiction, including any photograph, film, video, picture, or computer or computer-generated image or picture, whether made or produced by electronic, mechanical, or other means, of sexually explicit conduct, where— (A) the production of such visual depiction involves the use of a minor engaging in sexually explicit conduct; (B) such visual depiction is a digital image, computer image, or computer-generated image that is, or is indistinguishable from, that of a minor engaging in sexually explicit conduct; or (C) such visual depiction has been created, adapted, or modified to appear that an identifiable minor is engaging in sexually explicit conduct","pornography, sexually explict",,
Legal,Child Victim/Witness,"Information pertaining to a minor who was a victim, witness, or potential witness to a criminal act.","victim, witness, child",,
Legal,Collective Bargaining,Defining agencies' and representatives' duty to negotiate in good faith to include disclosure of certain labor relations training and guidance materials and limiting the issuance of certain subpoenas.,collective bargaining,,
Legal,Federal Grand Jury,"Material obtained pursuant to a federal grand jury subpoena, which includes (1) any reference to a specific sitting grand jury; (2) any documentation or data obtained by a grand jury subpoena if disclosure of such material tends to reveal what transpired before or at the direction of the federal grand jury; (3) documentation prepared specifically for the federal grand jury; and (4) transcripts or other recordings of testimony presented to the federal grand jury.","grand jury, subpoena",,
Legal,Legal Privilege,"Per 15 USC 78x(f)(4): The term ""privilege"" includes any work-product privilege, attorney-client privilege, governmental privilege, or other privilege recognized under Federal, State, or foreign law. Per 502(g): (1) ""attorney-client privilege"" means the protection that applicable law provides for confidential attorney-client communications; and (2) ""work-product protection"" means the protection that applicable law provides for tangible material (or its intangible equivalent) prepared in anticipation of litigation or for trial.","privilege, attorney, client",litigation,
Legal,Legislative Materials,"Data related to Congress’s legislative, investigatory or oversight responsibilities of the Executive branch of the Federal government.  This includes data related to proposed or pending legislation as well as inquiries submitted by Congress to Federal agencies, agency responses to those inquiries and any other information which, if disclosed, would reveal the nature and scope of Congressional inquiries.","congress, investigatory, oversight",,
Legal,Presentence Report,"A report, generally prepared to assist the court in determining the most appropriate sentence for a defendant. It can include an assessment of the nature and seriousness of the offense and should contain details summarizing the background information of the defendant and the crime.",offense,defendant,
Legal,Prior Arrest,Information related to previous instances of law enforcement official's apprehension and formal processing of a suspect.,apprehension,,
Legal,Protective Order,Stipulation that certain information that would normally fall under discovery rules will not be disclosed for specifically stated reason.,protective order,,
Legal,Victim,Information requiring protection of the name or other details that may identify one who was the victim of a crime.,victim,,
Legal,Witness Protection,Information related to the secretive details associated with one who has testified or may testify under circumstances that require secrecy of that individual and details pertaining to that person.,witness protection,,
Natural and Cultrual Resources,Archaeological Resources,Related to information about the nature and location of any archaeological resource for which the excavation or removal requires a permit or other permission.,archaeological resources,"Permit for Archeological Investigations, Antiquities ",
Natural and Cultrual Resources,Historic Properties,"Related to the location, character, or ownership of historic property.","historic properties, ownership",,
Natural and Cultrual Resources,National Park System Resources,"Related to information concerning the nature and specific location of a National Park System resource that is endangered, threatened, rare, or commercially valuable, of mineral or paleontological objects within System units, or of objects of cultural patrimony within System units.","national park, rare, patrimony","endangered, paleontological",
North Atlantic Treaty Organization (NATO),NATO Restricted,"Per the United States Security Authority for NATO, Instruction 1-07, information classified as """"NATO Restricted"""", the fourth level of classification under the North Atlantic Treaty, requires safeguards and protection from public release and disclosure. This category does not apply to information classified NATO Confidential, NATO SECRET or NATO COSMIC TOP SECRET.","NATO, restricted, secret, cosmic, top secret",,
North Atlantic Treaty Organization (NATO),NATO Unclassified,"Per the United States Security Authority for NATO, Instruction 1-07, this is information classified as """"NATO Unclassified"""", which may only be used for official NATO purposes and may carry administrative or dissemination limitation markings.",nato unclassified,,
Nuclear,General Nuclear,"Related to protection of information concerning nuclear reactors, materials, or security.","nuclear, reactors",,
Nuclear,Nuclear Recommendation Material,Related to recommendations to the Secretary of Energy with respect to Department of Energy defense nuclear facilities as determined necessary to ensure adequate protection of public health and safety.,"nuclear, secrety of energy, department of energy, facilities",,
Nuclear,Nuclear Security-Related Information,"Related to information that could be useful, or could reasonably be expected to be useful, to a terrorist in a potential attack that does not qualify as Safeguards or classified information, including the exact location and quantities of radioactive material, certain detailed design drawings, information on nearby facilities, emergency planning information, and certain assessments of vulnerability and safety analyses.","nuclear, terrorist, attack, classified",containment vessel,
Nuclear,Safeguards Information,"Pursuant to 42 USC 2011, et seq., and as defined in 10 CFR 73.2, SGI relates to security related information concerning the physical protection of source, byproduct or special nuclear material and the detailed security measures for facilities and information contained within security plans.","nuclear, security","Armed escort, Armed response, Continuous visual surveillance, Access to Safeguards, Special nuclear material,   ",
Nuclear,Unclassified Controlled Nuclear Information - Energy,"Relating to certain design and security information concerning nuclear facilities, materials, and weapons, specific to the Department of Energy.","nuclear, security, department of energy",,
Patent,Patent Applications,"Application for patent filed under 35 U.S.C. 111(a) that includes all types of patent applications (i.e., utility, design, plant, and reissue) except provisional applications. The nonprovisional application establishes the filing date and initiates the examination process. A nonprovisional utility patent application must include a specification, including a claim or claims; drawings, when necessary; an oath or declaration; and the prescribed filing fee.",patent,,
Patent,Inventions,"An invention is any art or process (way of doing or making things), machine, manufacture, design, or composition of matter, or any new and useful improvement thereof, or any variety of plant, which is or may be patentable under the patent laws of the United States, in which the federal government owns or may own a right, title, or interest.",invention,"government support, Government License Rights, ",
Patent,Secrecy Orders,An order by the Commissioner of Patents that an invention be kept secret and to withhold the publication of an application or the grant of a patent due to national security concerns.,"secret, secrecy","defense agency, National Security",
Privacy,Contract Use,Stipulations for a contractor to meet before material may be used in performance of certain contracts.,contract,,
Privacy,Death Records,"Related to information contained within an official document issued by a public registry verifying that a person has died, with information such as the date and time of death, the cause of death, and the signature of the attending or examining physician.",death records,death certificate,
Privacy,General Privacy,"Refers to personal information, or, in some cases, ""personally identifiable information,"" as defined in OMB M-17-12, or ""means of identification"" as defined in 18 USC 1028(d)(7).","general privacy, identifiable","name, social security number, date of birth, driver's license number,  identification number, alien registration number, government passport number, employer identification number, taxpayer identification number, biometric data,  fingerprint, voice print, retina image, iris image,",
Privacy,Genetic Information,"The term ""genetic information"" means, with respect to any individual, information about-- (i) such individual's genetic tests, (ii) the genetic tests of family members of such individual, and (iii) the manifestation of a disease or disorder in family members of such individual.","genetic, disease, disorder",,
Privacy,Health Information,"As per 42 USC 1320d(4), ""health information"" means any information, whether oral or recorded in any form or medium, that (A) is created or received by a health care provider, health plan, public health authority, employer, life insurer, school or university, or health care clearinghouse; and (B) relates to the past, present, or future physical or mental health or condition of an individual, the provision of health care to an individual, or the past, present, or future payment for the provision of health care to an individual.",health,"health plan, health information,  health care clearinghouse, ",
Privacy,Inspector General Protected,Related to the identity of a person making a report to the Inspector General of any Executive agency.,Inspector General,,
Privacy,Military Personnel Records,Any member or former member of the armed forces or affiliated organization of the Department of Defense.,"military, department of defense","DD 214, DD215, Army, Navy, Marines, Marine Corps, Air Force, Space Force, Coast Guard, AUS, USN, USMC, USAF, USSF, USCG, ANG, AFNG, National Guard, Reserve, USAR, USNR, USMCR, USAFR, USSFR, USCGR, MOS, Designator, ",
Privacy,Personnel Records,Related to the employees of federal agencies.,"employees, federal","General Service, Excepted Service, Senior Executive Service, Senior Level, Senior Professional, occupational group, occupational series ",
Privacy,Student Records,"As per 20 USC 1232g, the Family Educational Rights and Privacy Act of 1974, an education record which is comprised of those records which are directly related to a student.",student,,
Procurement and Acquisition,General Procurement and Acquisition,"Material and information relating to, or associated with, the acquisition and procurement of goods and services, including but not limited to, cost or pricing data, contract information, indirect costs and direct labor rates.","procurement, acquisition, cost, pricing, labor",,
Procurement and Acquisition,Small Business Research and Technology,"Relating to certain ""Small Business Innovation Research Program"" and ""Small Business Technology Transfer Program"" information in a government database, as referenced in 15 USC 638(k)(2).","small business research and technology, small business technology transfer","research and development program, extramural budget, Small Business Innovation Research Program, SBIR, Small Business Technology Transfer Program, STTR",
Procurement and Acquisition,Source Selection,"Per FAR 2.101: any of the following information that is prepared for use by an agency for the purpose of evaluating a bid or proposal to enter into an agency procurement contract, if that information has not been previously made available to the public or disclosed publicly: (Items 1-10).",source selection,"Bid prices, Technical evaluation, price evaluation, ",
Proprietary Business Information,Entity Registration Information,"Relating to non-public information collected during entity registration in the System for Award Management (SAM), the common source of vendor data for the United States Government.","system for award management, sam",,
Proprietary Business Information,General Proprietary Business Information,"Material and information relating to, or associated with, a company's products, business, or activities, including but not limited to financial information; data or statements; trade secrets; product research and development; existing and future product designs and performance specifications.","secrets, proprietary",,
Proprietary Business Information,Ocean Common Carrier and Marine Terminal Operator Agreements,Relating to agreements between or among ocean common carriers and marine terminal operators as referenced in 46 USC 40301 and 40306.,"operator agreements, marine terminal","Ocean Common Carrier, transportation rate, through rate, marine terminal operator, ",
Proprietary Business Information,Ocean Common Carrier Service Contracts,"Relating to an agreement for the provision of services filed with the Federal Maritime Commission as referenced in 46 USC 40502(b), 46 CFR 530.4, and/or 46 CFR 531.4(a).","ocean common carrier service contracts, federal maritime commision","ocean common carrier, intermodal movement, line-haul rate, NVOCC, NVOCC SERVICE ARRANGEMENT, Non-Vessel-Operating Common Carrier, House Bill of Lading",
Proprietary Business Information,Proprietary Manufacturer,Relating to the production of a consumer product to include that of a private labeler.,labeler,,
Proprietary Business Information,Proprietary Postal,Concerning or related to the course of business of the United States Postal Service.,postal service,"Postal Notification Emergency Management System, PNEMS",
Provisional,Homeland Security Agreement Information,"Information DHS receives and is required to protect pursuant to an agreement with state, local, tribal, territorial, and private sector partners.  DHS receives this information in furtherance of the missions of the Department, including but not limited to, support of the Fusion Center Initiative and activities for cyber information sharing consistent with the Cybersecurity Information Security Act.","department of homeland security, dhs, cyberseucirty informaiton",,
Provisional,Homeland Security Enforcement Information,"Unclassified information of a sensitive nature lawfully created, possessed, or transmitted by DHS in furtherance of its immigration, customs, and other civil and criminal enforcement missions, the unauthorized disclosure of which could adversely impact the mission of the Department. ","homeland security, dhs","immigration, customs",
Provisional,Information Systems Vulnerability Information - Homeland,"a. DHS information technology internal systems data revealing infrastructure used for servers, desktops, and networks; applications name, version and release; switching, router, and gateway information; interconnections and access methods; mission or business use/need.  Examples of information are systems inventories and enterprise architecture models.  Information pertaining to national security systems and eligible for classification under Executive Order 13526, will be classified as appropriate.

b. Information regarding developing or current technology, the release of which could hinder the objectives of DHS, compromise a technological advantage or countermeasure, cause a denial of service, or provide an adversary with sufficient information to close, counterfeit, or circumvent a process or system. ","dhs, information systems, servers, desktops, network, router, classified",gateway,
Provisional,International Agreement Information - Homeland,"Information DHS receives and is required to protect pursuant to an information sharing agreement or arrangement with a foreign government, an international organization of governments or any element thereof, an international or foreign public or judicial body, or an international or foreign private or non-governmental organization.","dhs, foreign","Rel to, releasable to",
Provisional,Operations Security Information,"Unclassified information that could constitute an indicator of U.S. Government intentions, capabilities, operations, or activities or otherwise threaten/compromise operations security. ",operations security,,
Provisional,Personnel Security Information,Information that could result in physical risk to DHS personnel or other individuals that DHS is responsible for protecting.,dhs,,
Provisional,Physical Security - Homeland,"Assessments or reports illustrating or disclosing facility infrastructure or security vulnerabilities related to the protection of federal buildings, grounds, or property, such as threat assessments, system security plans, contingency plans, risk management plans, business impact analysis studies, and certification and accreditation documentation. ","security, facility, infrastructure, vulnerabilities","federal buildings, federal grounds, federal property",
Provisional,Privacy Information,"Information referred to as Personally Identifiable Information (PII).  PII embodies information that can be used to distinguish or trace an individual's identity, either alone or when combined with other information that is linked or linkable to a specific individual. ","privacy, personally identifiable",,
Provisional,Sensitive Personally Identifiable Information,"A subset of PII that, if lost, compromised or disclosed without authorization could result in substantial harm, embarrassment, inconvenience, or unfairness to an individual.  Some forms of PII are sensitive as stand-alone elements.

a. Examples of stand-alone PII include: Social Security Numbers (SSN), driver's license or state identification number; Alien Registration Numbers; financial account number; and biometric identifiers such as fingerprint, voiceprint, or iris scan.
b. Additional examples of SPII include any groupings of information that contain an individual's name or other unique identifier plus one or more of the following elements:
1. Truncated SSN (such as last four digits)
2. Date of birth (month, day, and year)
3. Citizenship or immigration status
4. Ethnic or religious affiliation
5. Sexual orientation
6. Criminal history
7. Medical information
8. System authentication information such as mother's maiden name, account passwords, or personal identification numbers
c. Other PII may be ""sensitive"" depending on its context, such in as a list of employees and their performance rating(s) or an unlisted home address or phone number.  In contrast, a business card or public telephone directory of agency employees contains PII, but is not sensitive. ","social security, alien registration, birth, medical, sexual, ethnic, religious, ciminal, maiden, password, senstive",,
Statistical,Investment Survey,"Information reported to Treasury, the Federal Reserve Board of Governors, or the Federal Reserve Banks as part of the Treasury International Capital (TIC) data reporting system.","investment survey, treasury, federal reserve board, federal reserve bank","foreign holdings, U.S. securities,  U.S. holdings,  foreign securities, long-term securities, short-term securities, Banking Data, Derivatives Contract, Gross External Debt, BEA report,  Financial Accounts of the United States, Flow of Funds Account, Federal Reserve Bank of New York",
Statistical,Pesticide Producer Survey,Related to the data gathered regarding the production of pesticides that specifies the non-disclosure of the identity and location of individual producers.,pesticide,,
Statistical,Statistical Information,"Refers to information collected by a Federal statistical agency, unit, or program for statistical purposes or used for statistical activities; under law, regulation, or Government-wide policy such 'Statistical' CUI requires: (1) protection from unauthorized disclosure; (2) special handling safeguards; and/or (3) prescribed limits on access or dissemination.",statistical,"Bureau of Economic Analysis, Bureau of Justice Statistics, Bureau of Labor Statistics, Bureau of Transportation Statistics, Census Bureau, Economic Research Service, Energy Information Administration, National Agricultural Statistics Service, National Center for Education Statistics, National Center for Health Statistics, National Center for Science and Engineering Statistics, ""Office of Research, Evaluation, and Statistics"", Statistics of Income Division, Microeconomic Surveys Unit,  Center for Behavioral Health Statistics and Quality, National Animal Health Monitoring System",
Statistical,US Census,"Related to information gathered by the Bureau of the Census during the process of collecting, compiling, evaluating, analyzing of demographic, economic, and social data pertaining at a specified time to any or all persons in the United States and dissemination is limited to those with special sworn status, who may only use the data for statistical purposes and only for those statistical purposes for which the data was supplied. ","bureau of the census, census",,
Tax,Federal Taxpayer Information,"Related to returns and return information which are submitted, gathered or generated in conjunction with taxpayers’ responsibilities to comply with federal tax provisions in the United States Code. 
“Returns” includes information that is provided to the government pursuant to Title 26, including tax or information returns, declarations of estimated tax or claims for refund.  “Return information” includes a taxpayer’s identity, the nature, source or amount of income or any information received by, recorded by, prepared by or furnished to Internal Revenue Service relevant to the determination of tax liability including whether the taxpayer is the subject of investigation.  This protection extends to such items as medical, financial and other personal information submitted to the IRS by taxpayers.  Standards (typically tolerances, audit criteria and law enforcement techniques) related to the selection of returns for examination should only be disclosed to the extent their disclosure would not impair assessment, collection or enforcement under the internal revenue laws.  Tax data originating with the IRS generally retains its confidential status even when it resides with agencies other than the IRS.","taxpayer, irs","Return information, tax return, estimated tax, tax liability, Tax data",
Tax,Tax Convention,"Related to any--(A) agreement entered into with the competent authority of one or more foreign governments pursuant to a tax convention, (B) application for relief under a tax convention, (C) background information related to such agreement or application, (D) document implementing such agreement, and (E) other information exchanged pursuant to a tax convention which is treated as confidential or secret under the tax convention. Tax convention information originating with the IRS generally retains its confidential status even when it resides with agencies other than the IRS.","tax, irs",,
Tax,Taxpayer Advocate Information,"A local taxpayer advocate (LTA) has the discretion to not disclose to the IRS contact with, or information provided by, a taxpayer.  Such discretion may result in declinations of requests for information by IRS personnel including cases involving criminal tax investigations or those where the failure to provide information to the IRS would be beneficial to the taxpayer but to the detriment of the IRS.  Such discretion does not extend to cases where the LTA believes a taxpayer is using the Taxpayer Advocate’s office to perpetuate a fraud on the government or in cases where the information is sought in litigation.","tax, irs",,
Tax,Written Determinations,"Rulings, determination letters, technical advice memoranda or Chief Counsel Advice, as those terms are defined in Treasury Regulation 301.6110-2, which are made available for public inspection subject to the withholding of certain types of data as enumerated in Treasury Regulation 301-6110.",treasury,"written determination, telephone number, license number, social security number, employer identification number, credit card number,selective service number,  background file document, formula, pattern, device, adoption, financial institution, wells, ",
Transportation,Railroad Safety Analysis Records,"Related to the establishment, implementation, or modification of a railroad safety risk reduction program or pilot program, if the record is: (1) Supplied to the Secretary (of Transportation) pursuant to that safety risk reduction program or pilot program; or (2) made available for inspection and copying by an officer, employee, or agent of the Secretary pursuant to that safety risk reduction program or pilot program.","railroad, secretary of transportation, transportation",safety risk reduction,
Transportation,Sensitive Security Information,"As defined in 49 C.F.R. Part 15.5, Sensitive Security Information is information obtained or developed in the conduct of security activities, including research and development, the disclosure of which DOT has determined would constitute an unwarranted invasion of privacy, reveal trade secrets or privileged or confidential information, or be detrimental to transportation safety. As defined in 49 C.F.R. Part 1520.5, Sensitive Security Information is information obtained or developed in the conduct of security activities, including research and development, the disclosure of which DHS/TSA has determined would, among other things, be detrimental to the security of transportation.","dhs, tsa, sensitive, security","security contingency plan, port area security plan, national security plan, area security plan, maritime transportation security, aviation transportation security,  Federal Flight Deck Officer, security screener, Federal Air Marshal,  ",